{"cameraMode":{"drawMode":0,"name":"Shaded","section":"Shading Mode"},"sceneLighting":true,"audioPlay":false,"sceneViewState":{"m_AlwaysRefresh":false,"showFog":true,"showSkybox":true,"showFlares":true,"showImageEffects":true,"showParticleSystems":true,"showVisualEffectGraphs":true,"m_FxEnabled":true},"in2DMode":false,"pivot":{"x":362.33746337890627,"y":465.9875793457031,"z":-235.08338928222657},"rotation":{"x":-0.14974527060985566,"y":-0.0023752970155328514,"z":0.00036170065868645906,"w":-0.9887344241142273},"size":1031.81982421875,"orthographic":false}