{"cameraMode":{"drawMode":0,"name":"Shaded","section":"Shading Mode"},"sceneLighting":true,"audioPlay":false,"sceneViewState":{"m_AlwaysRefresh":false,"showFog":true,"showSkybox":true,"showFlares":true,"showImageEffects":true,"showParticleSystems":true,"showVisualEffectGraphs":true,"m_FxEnabled":true},"in2DMode":false,"pivot":{"x":853.4214477539063,"y":300.97235107421877,"z":973.4259033203125},"rotation":{"x":-0.08719699084758759,"y":0.00955820083618164,"z":-0.0008601376321166754,"w":-0.9961715936660767},"size":1279.114990234375,"orthographic":false}