{"cameraMode":{"drawMode":0,"name":"Shaded","section":"Shading Mode"},"sceneLighting":true,"audioPlay":false,"sceneViewState":{"m_AlwaysRefresh":false,"showFog":true,"showSkybox":true,"showFlares":true,"showImageEffects":true,"showParticleSystems":true,"showVisualEffectGraphs":true,"m_FxEnabled":true},"in2DMode":false,"pivot":{"x":3.3649184703826906,"y":1.3174958229064942,"z":4.451071739196777},"rotation":{"x":0.00842853169888258,"y":-0.019832434132695199,"z":-0.00017249413940589875,"w":-0.9998009204864502},"size":1.0624191761016846,"orthographic":false}