{"cameraMode":{"drawMode":0,"name":"Shaded","section":"Shading Mode"},"sceneLighting":true,"audioPlay":false,"sceneViewState":{"m_AlwaysRefresh":false,"showFog":true,"showSkybox":true,"showFlares":true,"showImageEffects":true,"showParticleSystems":true,"showVisualEffectGraphs":true,"m_FxEnabled":true},"in2DMode":false,"pivot":{"x":-24.083406448364259,"y":-61.31999206542969,"z":172.01226806640626},"rotation":{"x":-0.32633620500564577,"y":-0.20036572217941285,"z":0.07097604125738144,"w":-0.9210699796676636},"size":124.70381927490235,"orthographic":false}