{"cameraMode":{"drawMode":0,"name":"Shaded","section":"Shading Mode"},"sceneLighting":true,"audioPlay":false,"sceneViewState":{"m_AlwaysRefresh":false,"showFog":true,"showSkybox":true,"showFlares":true,"showImageEffects":true,"showParticleSystems":true,"showVisualEffectGraphs":true,"m_FxEnabled":true},"in2DMode":false,"pivot":{"x":142.43333435058595,"y":68.46859741210938,"z":-27.67101287841797},"rotation":{"x":-0.07074479013681412,"y":0.012565435841679573,"z":-0.0008912314660847187,"w":-0.9974169731140137},"size":126.58744049072266,"orthographic":false}