{"cameraMode":{"drawMode":0,"name":"Shaded","section":"Shading Mode"},"sceneLighting":true,"audioPlay":false,"sceneViewState":{"m_AlwaysRefresh":false,"showFog":true,"showSkybox":true,"showFlares":true,"showImageEffects":true,"showParticleSystems":true,"showVisualEffectGraphs":true,"m_FxEnabled":true},"in2DMode":false,"pivot":{"x":1137.593994140625,"y":368.4066162109375,"z":123.20181274414063},"rotation":{"x":-0.043795619159936908,"y":-0.0024004464503377678,"z":0.00010324193863198161,"w":-0.9990501403808594},"size":816.4434204101563,"orthographic":false}